{
  "check": {
    "conditions": [
      {
        "leftVal": "__source",
        "name": "c1",
        "op": "equals",
        "rightVal": "cisco_ise"
      }
    ],
    "expression": " c1 "
  },
  "outPutSchema": {
    "mode": "cut",
    "schema": [
      {
        "converter": "jsonField",
        "fieldName": "logsource_name",
        "fieldType": "",
        "source": "__source"
      },
      {
        "converter": "jsonField",
        "fieldName": "__pipline",
        "fieldType": "",
        "source": "__pipline"
      },
      {
        "converter": "jsonField",
        "fieldName": "logsource_region",
        "fieldType": "",
        "source": "__region"
      },
      {
        "converter": "jsonField",
        "fieldName": "region_group",
        "fieldType": "",
        "source": "__region"
      },
      {
        "converter": "time",
        "fieldName": "event_timestamp",
        "fieldType": "number",
        "source": "\\@timestamp",
        "timeSrcFmt": "yyyy-MM-dd'T'HH:mm:ss.nVV",
        "timeDstFmt": "second"
      },
      {
        "converter": "jsonField",
        "fieldName": "client_ip",
        "fieldType": "",
        "source": "syslog_sourceip"
      },
      {
        "converter": "jsonField",
        "fieldName": "src_ip",
        "fieldType": "",
        "source": "syslog_sourceip"
      },
      {
        "converter": "jsonField",
        "fieldName": "logsource_equipment",
        "fieldType": "",
        "source": "syslog_hostname"
      },
      {
        "converter": "jsonField",
        "fieldName": "log_source_type",
        "fieldType": "",
        "source": "log_source_type"
      },
      {
        "converter": "jsonField",
        "fieldName": "log_source_device",
        "fieldType": "",
        "source": "log_source_device"
      },
      {
        "converter": "jsonField",
        "fieldName": "raw_log",
        "fieldType": "",
        "source": "message"
      },
      {
        "converter": "jsonField",
        "fieldName": "ise",
        "fieldType": "",
        "source": "data_parsed"
      },
      {
        "converter": "jsonField",
        "fieldName": "logsource_equipment",
        "fieldType": "string",
        "source": "device"
      },
      {
        "converter": "jsonField",
        "fieldName": "src_ip",
        "fieldType": "",
        "source": "data_parsed.EndPointIPAddress"
      },
      {
        "converter": "jsonField",
        "fieldName": "src_ip",
        "fieldType": "",
        "source": "data_parsed.NAS-IP-Address"
      },
      {
        "converter": "jsonField",
        "fieldName": "src_ip",
        "fieldType": "",
        "source": "data_parsed.AdminIPAddress"
      },
      {
        "converter": "jsonField",
        "fieldName": "src_ip",
        "fieldType": "",
        "source": "data_parsed.SSID"
      },
      {
        "converter": "jsonField",
        "fieldName": "user_name",
        "fieldType": "",
        "source": "data_parsed.OriginalUserName"
      },
      {
        "converter": "jsonField",
        "fieldName": "event_id",
        "fieldType": "string",
        "source": "data_parsed.MessageType"
      },
      {
        "converter": "jsonField",
        "fieldName": "device_name",
        "fieldType": "string",
        "source": "data_parsed.NetworkDeviceName"
      },
      {
        "converter": "jsonField",
        "fieldName": "user_name",
        "fieldType": "string",
        "source": "data_parsed.UserName"
      },
      {
        "converter": "jsonField",
        "fieldName": "src_ip",
        "fieldType": "string",
        "source": "data_parsed.Device IP Address"
      },
      {
        "converter": "jsonField",
        "fieldName": "dst_ip",
        "fieldType": "string",
        "source": "data_parsed.DestinationIPAddress"
      },
      {
        "converter": "jsonField",
        "fieldName": "src_port",
        "fieldType": "string",
        "source": "data_parsed.Device Port"
      },
      {
        "converter": "jsonField",
        "fieldName": "dst_port",
        "fieldType": "string",
        "source": "data_parsed.DestinationPort"
      },
      {
        "converter": "jsonField",
        "fieldName": "src_mac",
        "fieldType": "string",
        "source": "data_parsed.EndPointMACAddress"
      },
      {
        "converter": "jsonField",
        "fieldName": "protocol",
        "fieldType": "string",
        "source": "data_parsed.Protocol"
      },
      {
        "converter": "jsonField",
        "fieldName": "auth_type",
        "fieldType": "string",
        "source": "data_parsed.Authen-Type"
      },
      {
        "converter": "jsonField",
        "fieldName": "session_id",
        "fieldType": "string",
        "source": "data_parsed.AcsSessionID"
      },
      {
        "converter": "jsonField",
        "fieldName": "result",
        "fieldType": "string",
        "source": "data_parsed.FailureReason"
      },
      {
        "converter": "jsonField",
        "fieldName": "severity",
        "fieldType": "string",
        "source": "data_parsed.Severity"
      },
      {
        "converter": "jsonField",
        "fieldName": "user_domain_name",
        "fieldType": "string",
        "source": "data_parsed.SystemDomain"
      },
      {
        "converter": "jsonField",
        "fieldName": "src_hostname",
        "fieldType": "string",
        "source": "data_parsed.SystemName"
      },
      {
        "converter": "jsonField",
        "fieldName": "user_name",
        "fieldType": "string",
        "source": "data_parsed.User-Name"
      }
    ]
  },
  "parent": [
    "siem_entry_rule"
  ],
  "rulePriority": 0,
  "sink": {
    "clusterType": "es",
    "index": "siem_event-cisco_ise-{__internal_time|yyyy-MM-dd}"
  }
}