{
    "check": {
        "conditions": [
            {
                "leftVal": "__source",
                "name": "c1",
                "op": "equals",
                "rightVal": "palo_alto_firewall"
            },
            {
                "leftVal": "data_parsed.column4",
                "name": "c2",
                "op": "equals",
                "rightVal": "USERID"
            }
        ],
        "expression": " c1 && c2 "
    },
    "outPutSchema": {
        "mode": "cut",
        "schema": [
            {
                "converter": "jsonField",
                "fieldName": "logsource_name",
                "fieldType": "",
                "source": "__source"
            },
            {
                "converter": "jsonField",
                "fieldName": "__pipline",
                "fieldType": "",
                "source": "__pipline"
            },
            {
                "converter": "jsonField",
                "fieldName": "logsource_region",
                "fieldType": "",
                "source": "__region"
            },
            {
                "converter": "jsonField",
                "fieldName": "region_group",
                "fieldType": "",
                "source": "__region"
            },
            {
                "converter": "time",
                "fieldName": "event_timestamp",
                "fieldType": "number",
                "source": "\\@timestamp",
                "timeSrcFmt": "yyyy-MM-dd'T'HH:mm:ss.nVV",
                "timeDstFmt": "second"
            },
            {
                "converter": "jsonField",
                "fieldName": "client_ip",
                "fieldType": "",
                "source": "syslog_sourceip"
            },
            {
                "converter": "jsonField",
                "fieldName": "src_ip",
                "fieldType": "",
                "source": "syslog_sourceip"
            },
            {
                "converter": "jsonField",
                "fieldName": "logsource_equipment",
                "fieldType": "",
                "source": "syslog_hostname"
            },
            {
                "converter": "jsonField",
                "fieldName": "log_source_type",
                "fieldType": "",
                "source": "log_source_type"
            },
            {
                "converter": "jsonField",
                "fieldName": "log_source_device",
                "fieldType": "",
                "source": "log_source_device"
            },
            {
                "converter": "time",
                "fieldName": "start_time",
                "fieldType": "number",
                "source": "data_parsed.column2",
                "timeSrcFmt": "yyyy/MM/dd HH:mm:ss",
                "timeDstFmt": "second"
            },
            {
                "converter": "jsonField",
                "fieldName": "record_id",
                "fieldType": "",
                "source": "data_parsed.column3"
            },
            {
                "converter": "jsonField",
                "fieldName": "category",
                "fieldType": "",
                "source": "data_parsed.column4"
            },
            {
                "converter": "jsonField",
                "fieldName": "subcategory",
                "fieldType": "",
                "source": "data_parsed.column5"
            },
            {
                "converter": "jsonField",
                "fieldName": "virtual_system",
                "fieldType": "",
                "source": "data_parsed.column8"
            },
            {
                "converter": "jsonField",
                "fieldName": "src_ip",
                "fieldType": "",
                "source": "data_parsed.column9"
            },
            {
                "converter": "jsonField",
                "fieldName": "user_name",
                "fieldType": "",
                "source": "data_parsed.column10"
            },
            {
                "converter": "jsonField",
                "fieldName": "object_name",
                "fieldType": "",
                "source": "data_parsed.column11"
            },
            {
                "converter": "jsonField",
                "fieldName": "raw_log",
                "fieldType": "",
                "source": "message"
            }
        ]
    },
    "parent": [
        "siem_entry_rule"
    ],
    "rulePriority": 0,
    "sink": {
        "clusterType": "es",
        "index": "siem_event-palo_alto_firewall-{__internal_time|yyyy-MM-dd}"
    }
}