英文名	中文名
access_list	访问列表
access_mask	访问掩码
action	动作
affected_rows	受影响的行数
application	应用程序
associate_events	关联事件
attachment	附件
attack_direction	攻击方向
attck_subtechnique	ATT&CK子技术
attck_subtechnique_name	ATT&CK子技术名称
attck_tactic	ATT&CK策略
attck_tactic_name	ATT&CK策略名称
attck_technique	ATT&CK技术
attck_technique_name	ATT&CK技术名称
auth_type	认证类型
authentication_package_name	认证包名称
browser_version	浏览器版本
call_trace	调用跟踪
category	类别
cert_issuer_name	证书颁发者名称
cert_serial_number	证书序列号
cert_thumbprint	证书指纹
channel	通道
cmd	命令
comment	评论
confidence	置信度
container_id	容器ID
container_image	容器镜像
container_imageid	容器镜像ID
container_ip	容器IP
container_name	容器名称
container_state	容器状态
cpu_used_percent	CPU使用百分比
current_dir	当前目录
cve_id	CVE ID
database_charset	数据库字符集
database_name	数据库名称
database_type	数据库类型
database_version	数据库版本
device_name	设备名称
direction	方向
disk_total	磁盘总量
disk_used	磁盘已用量
dnat_ip	DNAT IP
dnat_port	DNAT端口
dns_aa	DNS AA
dns_message	DNS消息
dns_opcode	DNS操作码
dns_query	DNS查询
dns_query_type	DNS查询类型
dns_ra	DNS RA
dns_rcode	DNS RCODE
dns_rr_name	DNS RR名称
dns_rr_type	DNS RR类型
dns_tc	DNS TC
dns_td	DNS TD
dns_ttl	DNS TTL
dns_type	DNS类型
domain	域名
dst_appid	目标应用ID
dst_asset_gid	目标资产组ID
dst_asset_groupname	目标资产组名称
dst_asset_id	目标资产ID
dst_asset_name	目标资产名称
dst_asset_priority	目标资产优先级
dst_asset_type	目标资产类型
dst_hostname	目标主机名
dst_ip	目标IP地址
dst_ip_city	目标IP城市
dst_ip_country	目标IP国家
dst_ip_latitude	目标IP纬度
dst_ip_list	目标IP列表
dst_ip_longitude	目标IP经度
dst_ip_province	目标IP省份
dst_is_homenet	目标是否为家庭网络
dst_logon_id	目标登录ID
dst_mac	目标MAC地址
dst_port	目标端口
dst_port_name	目标端口名称
dst_proc_guid	目标进程GUID
dst_proc_id	目标进程ID
dst_proc_path	目标进程路径
dst_user_name	目标用户名
dst_user_sid	目标用户SID
dst_vpcid	目标VPC ID
dst_zone	目标区域
duration	持续时间
end_time	结束时间
event_id	事件ID
event_intent	事件意图
event_name	事件名称
event_tags	事件标签
event_timestamp	事件时间戳
event_type	事件类型
event_uuid	事件UUID
external_ip	外部IP地址
file_a_time	文件访问时间
file_c_time	文件创建时间
file_company	文件公司
file_m_time	文件修改时间
file_md5	文件MD5
file_message	文件消息
file_name	文件名
file_old_owner	文件旧所有者
file_owner	文件所有者
file_path	文件路径
file_permission	文件权限
file_product	文件产品
file_sha1	文件SHA1
file_sha256	文件SHA256
file_size	文件大小
file_type	文件类型
file_version	文件版本
group	组
group_name	组名
handle_id	句柄ID
has_proxy	是否有代理
hasattachment	是否有附件
history_sid	历史SID
home_dir	主目录
host_asset_gid	主机资产组ID
host_asset_groupname	主机资产组名称
host_asset_id	主机资产ID
host_asset_name	主机资产名称
host_asset_priority	主机资产优先级
host_asset_type	主机资产类型
host_domain_name	主机域名
host_id	主机ID
host_ip	主机IP地址
host_memo	主机备注
host_tag	主机标签
hostname	主机名
http_accept	HTTP Accept
http_accept_language	HTTP Accept Language
http_cookies	HTTP Cookies
http_method	HTTP Method
http_referer	HTTP Referer
http_request_body	HTTP请求体
http_request_bytes	HTTP请求字节数
http_request_header	HTTP请求头
http_response_body	HTTP响应体
http_response_bytes	HTTP响应字节数
http_response_code	HTTP响应码
http_response_content_language	HTTP响应内容语言
http_response_content_type	HTTP响应内容类型
http_response_header	HTTP响应头
http_ua	HTTP User-Agent
http_version	HTTP版本
http_xff	HTTP X-Forwarded-For
image_address	镜像地址
image_version	镜像版本
internal_ip	内部IP地址
ioc_hash_list	IOC哈希列表
ioc_tags	IOC标签
ioc_text	IOC文本
ioc_type	IOC类型
is_initiated	是否已发起
is_signed	是否签名
key_word	关键词
ldap_attribute_name	LDAP属性名称
load_avergy	负载平均
login_time	登录时间
login_type	登录类型
logon_guid	登录GUID
logon_hour	登录小时
logon_id	登录ID
logon_process_name	登录进程名称
logon_status	登录状态
logsource_equipment	日志源设备
logsource_ip	日志源IP地址
logsource_name	日志源名称
logsource_subtype	日志源子类型
logsource_type	日志源类型
mail_from	邮件发件人
mail_recipient	邮件收件人
malware_family	恶意软件家族
malware_info	恶意软件信息
malware_name	恶意软件名称
malware_variant	恶意软件变种
mem_total	内存总量
mem_used	已用内存
memory_address	内存地址
message	消息
mime_from	MIME发件人
mime_recipient	MIME收件人
mime_relay	MIME中继
mime_subject	MIME主题
namespace	命名空间
new_name	新名称
new_thread_id	新线程ID
object_class	对象类
object_dn	对象DN
object_guid	对象GUID
object_name	对象名称
object_server	对象服务器
object_type	对象类型
op_code	操作码
os_name	操作系统名称
os_type	操作系统类型
os_version	操作系统版本
parameter	参数
password	密码
patch_id	补丁ID
patch_reference_list	补丁参考列表
payload	有效负载
payload_bytes	有效负载字节数
pipe_name	管道名称
pproc_commandline	父进程命令行
pproc_guid	父进程GUID
pproc_id	父进程ID
pproc_md5	父进程MD5
pproc_name	父进程名称
pproc_path	父进程路径
pproc_user	父进程用户
previous_file_c_time	之前文件创建时间
proc_commandline	进程命令行
proc_guid	进程GUID
proc_id	进程ID
proc_md5	进程MD5
proc_name	进程名称
proc_path	进程路径
proc_tree	进程树
proc_uid	进程UID
proc_user	进程用户
profile_path	配置文件路径
properties	属性
protocol_application	协议应用
protocol_internet	协议互联网
protocol_transport	协议传输
ptrace_request	PTRACE请求
raw_log	原始日志
reason	原因
record_id	记录ID
recv_bytes	接收字节数
recv_packets	接收数据包数
registry_path	注册表路径
registry_value	注册表值
result	结果
result_code	结果代码
rule_id	规则ID
rule_name	规则名称
script_path	脚本路径
send_bytes	发送字节数
send_packets	发送数据包数
service_id	服务ID
service_name	服务名称
session_id	会话ID
session_state	会话状态
severity	严重性
share_name	共享名称
share_path	共享路径
shell	Shell
signature	签名
signature_status	签名状态
snat_ip	SNAT IP
snat_port	SNAT端口
sql	SQL
sql_cost	SQL成本
src_appid	源应用ID
src_asset_gid	源资产组ID
src_asset_groupname	源资产组名称
src_asset_id	源资产ID
src_asset_name	源资产名称
src_asset_priority	源资产优先级
src_asset_type	源资产类型
src_hostname	源主机名
src_ip	源IP地址
src_ip_city	源IP城市
src_ip_country	源IP国家
src_ip_latitude	源IP纬度
src_ip_list	源IP列表
src_ip_longitude	源IP经度
src_ip_province	源IP省份
src_is_homenet	源是否为家庭网络
src_logon_id	源登录ID
src_mac	源MAC地址
src_port	源端口
src_port_name	源端口名称
src_proc_guid	源进程GUID
src_proc_id	源进程ID
src_proc_path	源进程路径
src_thread_id	源线程ID
src_vpcid	源VPC ID
src_zone	源区域
start_function	启动功能
start_module	启动模块
start_time	启动时间
subcategory	子类别
subject_user_name	主体用户名
subject_user_sid	主体用户SID
suggestion	建议
table_name	表名
task	任务
tcp_flag	TCP标志
thread_id	线程ID
ticket_encryption_type	票证加密类型
ticket_option	票证选项
timestamp	时间戳
traffic_data_size	流量数据大小
traffic_direction	流量方向
trans_id	交易ID
tty	TTY
uptime	运行时间
uri	URI
url	URL
user_domain_name	用户域名
user_group	用户组
user_id	用户ID
user_name	用户名
user_privilege_list	用户权限列表
user_type	用户类型
virtual_account	虚拟账户
whois_create_time	Whois创建时间
whois_dns_server	Whois DNS服务器
whois_email	Whois邮箱
whois_name	Whois名称
whois_organization	Whois组织
whois_tel	Whois电话
windows_log_name	Windows日志名称
windows_log_source	Windows日志源
wmi_consumer_dst	WMI消费者目标
wmi_consumer_name	WMI消费者名称
wmi_consumer_type	WMI消费者类型
wmi_filter_content	WMI过滤器内容
wmi_filter_name	WMI过滤器名称
logsource_equipment	设备名称
event_category	事件类别
event_subcategory	事件子类别
log_type	类型
log_subtype	子类型
log_name	日志名称
log_time	日志时间
src_isp	源ISP
dst_isp	目标ISP
user_agent	用户代理
src_region	源区域
dst_region	目标区域
logsource_region	日志源区域
region_group	区域组
level 级别
description 描述