{
  "check": {
    "conditions": [
      {
        "leftVal": "__source",
        "name": "c1",
        "op": "equals",
        "rightVal": "cisco_asa"
      },
      {
        "leftVal": "tags",
        "name": "c2",
        "op": "match",
        "rightVal": ".*_grokparsefailure.*"
      }
    ],
    "expression": " c1 && !c2 "
  },
  "outPutSchema": {
    "mode": "cut",
    "schema": [
      {
        "converter": "jsonField",
        "fieldName": "logsource_name",
        "fieldType": "",
        "source": "__source"
      },
      {
        "converter": "jsonField",
        "fieldName": "logsource_pipline",
        "fieldType": "",
        "source": "__pipline"
      },
      {
        "converter": "jsonField",
        "fieldName": "logsource_region",
        "fieldType": "",
        "source": "__region"
      },
      {
        "converter": "jsonField",
        "fieldName": "region_group",
        "fieldType": "",
        "source": "__region"
      },
      {
        "converter": "time",
        "fieldName": "event_timestamp",
        "fieldType": "number",
        "source": "\\@timestamp",
        "timeSrcFmt": "yyyy-MM-dd'T'HH:mm:ss.nVV",
        "timeDstFmt": "second"
      },
      {
        "converter": "jsonField",
        "fieldName": "client_ip",
        "fieldType": "",
        "source": "syslog_sourceip"
      },
      {
        "converter": "jsonField",
        "fieldName": "src_ip",
        "fieldType": "",
        "source": "syslog_sourceip"
      },
      {
        "converter": "jsonField",
        "fieldName": "logsource_equipment",
        "fieldType": "",
        "source": "syslog_hostname"
      },
      {
        "converter": "jsonField",
        "fieldName": "log_source_type",
        "fieldType": "",
        "source": "log_source_type"
      },
      {
        "converter": "jsonField",
        "fieldName": "log_source_device",
        "fieldType": "",
        "source": "log_source_device"
      },
      {
        "converter": "jsonField",
        "fieldName": "raw_log",
        "fieldType": "",
        "source": "message"
      },
      {
        "converter": "jsonField",
        "fieldName": "asa",
        "fieldType": "",
        "source": "data_parsed"
      },
      {
        "converter": "jsonField",
        "fieldName": "action",
        "fieldType": "",
        "source": "data_parsed.action"
      },
      {
        "converter": "jsonField",
        "fieldName": "dst_ip",
        "fieldType": "",
        "source": "data_parsed.destination.ip"
      },
      {
        "converter": "jsonField",
        "fieldName": "dst_ip",
        "fieldType": "",
        "source": "data_parsed.dst_ip"
      },
      {
        "converter": "jsonField",
        "fieldName": "src_ip",
        "fieldType": "",
        "source": "data_parsed.source.ip"
      },
      {
        "converter": "jsonField",
        "fieldName": "dst_port",
        "fieldType": "",
        "source": "data_parsed.destination.port"
      },
      {
        "converter": "jsonField",
        "fieldName": "dst_port",
        "fieldType": "",
        "source": "data_parsed.dst_port"
      },
      {
        "converter": "jsonField",
        "fieldName": "src_port",
        "fieldType": "",
        "source": "data_parsed.src_port"
      },
      {
        "converter": "jsonField",
        "fieldName": "src_port",
        "fieldType": "",
        "source": "data_parsed.source.port"
      },
      {
        "converter": "jsonField",
        "fieldName": "src_ip",
        "fieldType": "",
        "source": "data_parsed.src_ip"
      },
      {
        "converter": "jsonField",
        "fieldName": "event_category",
        "fieldType": "",
        "source": "data_parsed.event.reason"
      },
      {
        "converter": "jsonField",
        "fieldName": "event_category",
        "fieldType": "",
        "source": "data_parsed.event_reason"
      },
      {
        "converter": "jsonField",
        "fieldName": "dst_port",
        "fieldType": "",
        "source": "data_parsed.cisco.asa.original_ip_payload.destination.port"
      },
      {
        "converter": "jsonField",
        "fieldName": "src_port",
        "fieldType": "",
        "source": "data_parsed.cisco.asa.original_ip_payload.source.port"
      },
      {
        "converter": "jsonField",
        "fieldName": "protocol_transport",
        "fieldType": "",
        "source": "data_parsed.cisco.asa.original_ip_payload.network.transport"
      },
      {
        "converter": "jsonField",
        "fieldName": "user_name",
        "fieldType": "",
        "source": "data_parsed.source.name"
      },
      {
        "converter": "jsonField",
        "fieldName": "user_name",
        "fieldType": "",
        "source": "data_parsed.user.name"
      },
      {
        "converter": "jsonField",
        "fieldName": "user_name",
        "fieldType": "",
        "source": "data_parsed.src_user"
      },
      {
        "converter": "jsonField",
        "fieldName": "user_name",
        "fieldType": "",
        "source": "data_parsed.source.user.name"
      },
      {
        "converter": "jsonField",
        "fieldName": "user_name",
        "fieldType": "",
        "source": "data_parsed.username"
      }
    ]
  },
  "parent": [
    "siem_entry_rule"
  ],
  "rulePriority": 0,
  "sink": {
    "clusterType": "es",
    "index": "siem_event-cisco_asa-sg_bank-{__internal_time|yyyy-MM-dd}"
  }
}