{
    "check": {
        "conditions": [
            {
                "leftVal": "__source",
                "name": "c1",
                "op": "equals",
                "rightVal": "cisco_firepower_ips"
            }
        ],
        "expression": " c1 "
    },
    "outPutSchema": {
        "mode": "cut",
        "schema": [
            {
                "converter": "jsonField",
                "fieldName": "logsource_name",
                "fieldType": "",
                "source": "__source"
            },
            {
                "converter": "jsonField",
                "fieldName": "logsource_pipeline",
                "fieldType": "",
                "source": "__pipline"
            },
            {
                "converter": "jsonField",
                "fieldName": "logsource_region",
                "fieldType": "",
                "source": "__region"
            },
            {
                "converter": "jsonField",
                "fieldName": "region_group",
                "fieldType": "",
                "source": "__region"
            },
            {
                "converter": "time",
                "fieldName": "event_timestamp",
                "fieldType": "number",
                "source": "\\@timestamp",
                "timeSrcFmt": "yyyy-MM-dd'T'HH:mm:ss.nVV",
                "timeDstFmt": "second"
            },
            {
                "converter": "jsonField",
                "fieldName": "client_ip",
                "fieldType": "",
                "source": "syslog_sourceip"
            },
            {
                "converter": "jsonField",
                "fieldName": "src_ip",
                "fieldType": "",
                "source": "syslog_sourceip"
            },
            {
                "converter": "jsonField",
                "fieldName": "logsource_equipment",
                "fieldType": "",
                "source": "syslog_hostname"
            },
            {
                "converter": "jsonField",
                "fieldName": "log_source_type",
                "fieldType": "",
                "source": "log_source_type"
            },
            {
                "converter": "jsonField",
                "fieldName": "log_source_device",
                "fieldType": "",
                "source": "log_source_device"
            },
            {
                "converter": "jsonField",
                "fieldName": "raw_log",
                "fieldType": "",
                "source": "message"
            },
            {
                "converter": "jsonField",
                "fieldName": "xxx",
                "fieldType": "",
                "source": "data_parsed"
            },
            {
                "converter": "jsonField",
                "fieldName": "src_interface",
                "fieldType": "",
                "source": "src_interface"
            },
            {
                "converter": "jsonField",
                "fieldName": "src_ip",
                "fieldType": "",
                "source": "src_ip"
            },
            {
                "converter": "jsonField",
                "fieldName": "src_port",
                "fieldType": "",
                "source": "src_port"
            },
            {
                "converter": "jsonField",
                "fieldName": "dst_ip",
                "fieldType": "",
                "source": "dst_ip"
            },
            {
                "converter": "jsonField",
                "fieldName": "dst_port",
                "fieldType": "",
                "source": "dst_port"
            },
            {
                "converter": "jsonField",
                "fieldName": "level",
                "fieldType": "",
                "source": "level"
            },
            {
                "converter": "jsonField",
                "fieldName": "dst_interface",
                "fieldType": "",
                "source": "dst_interface"
            },
            {
                "converter": "jsonField",
                "fieldName": "reason",
                "fieldType": "",
                "source": "termination_reason"
            }
            ,
            {
                "converter": "jsonField",
                "fieldName": "action",
                "fieldType": "",
                "source": "event_action"
            }
        ]
    },
    "parent": [
        "siem_entry_rule"
    ],
    "rulePriority": 0,
    "sink": {
        "clusterType": "es",
        "index": "siem_event-cisco_firepower_ips-sg_bank-{__internal_time|yyyy-MM-dd}"
    }
}