{
    "check": {
        "conditions": [
            {
                "leftVal": "__source",
                "name": "c1",
                "op": "equals",
                "rightVal": "corpit_huawei_sw"
            },
            {
                "leftVal": "log_source_device",
                "name": "c2",
                "op": "match",
                "rightVal": ".*syslog_hostname.*"
            }
        ],
        "expression": " c1 && !c2"
    },
    "outPutSchema": {
        "mode": "cut",
        "schema": [
            {
                "converter": "jsonField",
                "fieldName": "logsource_name",
                "fieldType": "",
                "source": "__source"
            },
            {
                "converter": "jsonField",
                "fieldName": "logsource_pipline",
                "fieldType": "",
                "source": "__pipline"
            },
            {
                "converter": "jsonField",
                "fieldName": "logsource_region",
                "fieldType": "",
                "source": "__region"
            },
            {
                "converter": "jsonField",
                "fieldName": "region_group",
                "fieldType": "",
                "source": "__region"
            },
            {
                "converter": "time",
                "fieldName": "event_timestamp",
                "fieldType": "number",
                "source": "\\@timestamp",
                "timeSrcFmt": "yyyy-MM-dd'T'HH:mm:ss.nVV",
                "timeDstFmt": "second"
            },
            {
                "converter": "jsonField",
                "fieldName": "client_ip",
                "fieldType": "",
                "source": "syslog_sourceip"
            },
            {
                "converter": "jsonField",
                "fieldName": "logsource_equipment",
                "fieldType": "",
                "source": "syslog_hostname"
            },
            {
                "converter": "jsonField",
                "fieldName": "log_source_type",
                "fieldType": "",
                "source": "log_source_type"
            },
            {
                "converter": "jsonField",
                "fieldName": "log_source_device",
                "fieldType": "",
                "source": "log_source_device"
            },
            {
                "converter": "jsonField",
                "fieldName": "src_ip",
                "fieldType": "",
                "source": "syslog_sourceip"
            },
            {
                "converter": "jsonField",
                "fieldName": "raw_log",
                "fieldType": "",
                "source": "message"
            },
            {
                "converter": "jsonField",
                "fieldName": "sw",
                "fieldType": "",
                "source": "data_parsed"
            },
            {
                "converter": "jsonField",
                "fieldName": "src_ip",
                "fieldType": "",
                "source": "data_parsed.Ip"
            },
            {
                "converter": "jsonField",
                "fieldName": "dst_ip",
                "fieldType": "",
                "source": "data_parsed.PeerIP"
            },
            {
                "converter": "jsonField",
                "fieldName": "user_name",
                "fieldType": "",
                "source": "data_parsed.User"
            },
            {
                "converter": "jsonField",
                "fieldName": "auth_type",
                "fieldType": "",
                "source": "data_parsed.AuthenticationMethod"
            },
            {
                "converter": "jsonField",
                "fieldName": "cmd",
                "fieldType": "",
                "source": "data_parsed.Command"
            },
            {
                "converter": "jsonField",
                "fieldName": "task_id",
                "fieldType": "",
                "source": "data_parsed.Task"
            },
            {
                "converter": "jsonField",
                "fieldName": "message",
                "fieldType": "",
                "source": "data_parsed.desc"
            }
        ]
    },
    "parent": [
        "siem_entry_rule"
    ],
    "rulePriority": 0,
    "sink": {
        "clusterType": "es",
        "index": "siem_event-corpit_huawei_sw-sg_bank-{__internal_time|yyyy-MM-dd}"
    }
}