{
    "check": {
        "conditions": [
            {
                "leftVal": "__source",
                "name": "c1",
                "op": "equals",
                "rightVal": "crowdstrike"
            }
        ],
        "expression": " c1 "
    },
    "outPutSchema": {
        "mode": "cut",
        "schema": [
             {
                "converter": "jsonField",
                "fieldName": "logsource_name",
                "fieldType": "",
                "source": "__source"
            },
            {
                "converter": "jsonField",
                "fieldName": "logsource_pipline",
                "fieldType": "",
                "source": "__pipline"
            },
            {
                "converter": "jsonField",
                "fieldName": "logsource_region",
                "fieldType": "",
                "source": "__region"
            },
            {
                "converter": "jsonField",
                "fieldName": "region_group",
                "fieldType": "",
                "source": "__region"
            },
            {
                "converter": "time",
                "fieldName": "event_timestamp",
                "fieldType": "number",
                "source": "\\@timestamp",
                "timeSrcFmt": "yyyy-MM-dd'T'HH:mm:ss.nVV",
                "timeDstFmt": "second"
            },
            {
                "converter": "jsonField",
                "fieldName": "client_ip",
                "fieldType": "",
                "source": "syslog_sourceip"
            },
            {
                "converter": "jsonField",
                "fieldName": "src_ip",
                "fieldType": "",
                "source": "syslog_sourceip"
            },
            {
                "converter": "jsonField",
                "fieldName": "logsource_equipment",
                "fieldType": "",
                "source": "syslog_hostname"
            },
            {
                "converter": "jsonField",
                "fieldName": "log_source_type",
                "fieldType": "",
                "source": "log_source_type"
            },
            {
                "converter": "jsonField",
                "fieldName": "log_source_device",
                "fieldType": "",
                "source": "log_source_device"
            },
            {
                "converter": "jsonField",
                "fieldName": "client_ip",
                "fieldType": "",
                "source": "message.clientIP"
            },
            {
                "converter": "jsonField",
                "fieldName": "src_ip",
                "fieldType": "",
                "source": "message.eventItem.event.UserIp"
            },
            {
                "converter": "jsonField",
                "fieldName": "event_name",
                "fieldType": "",
                "source": "message.eventItem.event.OperationName"
            },
            {
                "converter": "jsonField",
                "fieldName": "event_type",
                "fieldType": "",
                "source": "message.eventItem.metadata.eventType"
            },
            {
                "converter": "jsonField",
                "fieldName": "http_method",
                "fieldType": "",
                "source": "message.eventItem.event.AuditKeyValues.request_method"
            },
            {
                "converter": "jsonField",
                "fieldName": "status_code",
                "fieldType": "integer",
                "source": "message.eventItem.event.AuditKeyValues.status_code"
            },
            {
                "converter": "jsonField",
                "fieldName": "uri",
                "fieldType": "",
                "source": "message.eventItem.event.AuditKeyValues.request_path"
            },
            {
                "converter": "jsonField",
                "fieldName": "user_agent",
                "fieldType": "",
                "source": "message.eventItem.event.AuditKeyValues.user_agent"
            },
            {
                "converter": "jsonField",
                "fieldName": "trace_id",
                "fieldType": "",
                "source": "message.eventItem.event.AuditKeyValues.trace_id"
            },
            {
                "converter": "jsonField",
                "fieldName": "request_query",
                "fieldType": "",
                "source": "message.eventItem.event.AuditKeyValues.request_query"
            },
            {
                "converter": "jsonField",
                "fieldName": "user_name",
                "fieldType": "",
                "source": "message.eventItem.event.UserName"
            },
            {
                "converter": "jsonField",
                "fieldName": "src_ip",
                "fieldType": "",
                "source": "message.eventItem.event.LocalIP"
            },
            {
                "converter": "jsonField",
                "fieldName": "file_md5",
                "fieldType": "",
                "source": "message.eventItem.event.MD5String"
            },
            {
                "converter": "jsonField",
                "fieldName": "file_sha256",
                "fieldType": "",
                "source": "message.eventItem.event.SHA256String"
            },
            {
                "converter": "jsonField",
                "fieldName": "file_name",
                "fieldType": "",
                "source": "message.eventItem.event.FileName"
            },
            {
                "converter": "jsonField",
                "fieldName": "cmd",
                "fieldType": "",
                "source": "message.eventItem.event.CommandLine"
            },
            {
                "converter": "jsonField",
                "fieldName": "comment",
                "fieldType": "",
                "source": "message.eventItem.event.DetectDescription"
            },
            {
                "converter": "jsonField",
                "fieldName": "comment",
                "fieldType": "",
                "source": "message.eventItem.event.Description"
            },
            {
                "converter": "jsonField",
                "fieldName": "file_name",
                "fieldType": "",
                "source": "message.eventItem.event.FileName"
            },
            {
                "converter": "jsonField",
                "fieldName": "file_path",
                "fieldType": "",
                "source": "message.eventItem.event.FilePath"
            },
            {
                "converter": "jsonField",
                "fieldName": "rule_name",
                "fieldType": "",
                "source": "message.eventItem.event.IOARuleName"
            },
            {
                "converter": "jsonField",
                "fieldName": "event_name",
                "fieldType": "",
                "source": "message.eventItem.event.Name"
            },
            {
                "converter": "jsonField",
                "fieldName": "pproc_commandline",
                "fieldType": "",
                "source": "message.eventItem.event.ParentCommandLine"
            },
            {
                "converter": "jsonField",
                "fieldName": "pproc_name",
                "fieldType": "",
                "source": "message.eventItem.event.ParentImageFileName"
            },
            {
                "converter": "jsonField",
                "fieldName": "proc_id",
                "fieldType": "",
                "source": "message.eventItem.event.ProcessId"
            },
            {
                "converter": "jsonField",
                "fieldName": "pproc_id",
                "fieldType": "",
                "source": "message.eventItem.event.ParentProcessId"
            },
            {
                "converter": "jsonField",
                "fieldName": "severity",
                "fieldType": "",
                "source": "message.eventItem.event.Severity"
            },
            {
                "converter": "jsonField",
                "fieldName": "event_category",
                "fieldType": "",
                "source": "message.eventItem.event.SeverityName"
            },
            {
                "converter": "jsonField",
                "fieldName": "category",
                "fieldType": "",
                "source": "message.eventItem.event.DetectName"
            },
            {
                "converter": "jsonField",
                "fieldName": "service_name",
                "fieldType": "",
                "source": "message.eventItem.event.ServiceName"
            },
            {
                "converter": "jsonField",
                "fieldName": "raw_log",
                "fieldType": "",
                "source": "message"
            },
            {
                "converter": "jsonField",
                "fieldName": "cs",
                "fieldType": "json",
                "source": "message"
            }
        ]
    },
    "parent": [
        "siem_entry_rule"
    ],
    "rulePriority": 0,
    "sink": {
        "clusterType": "es",
        "index": "siem_event-crowdstrike-sg_bank-{__internal_time|yyyy-MM-dd}"
    }
}
