{
    "check": {
        "conditions": [
            {
                "leftVal": "__source",
                "name": "c1",
                "op": "equals",
                "rightVal": "fortinet_firewall"
            },
            {
                "leftVal": "log_source_device",
                "name": "c2",
                "op": "match",
                "rightVal": ".*devname.*"
            }
        ],
        "expression": " c1 && !c2 "
    },
    "outPutSchema": {
        "mode": "cut",
        "schema": [
            {
                "converter": "jsonField",
                "fieldName": "logsource_name",
                "fieldType": "",
                "source": "__source"
            },
            {
                "converter": "jsonField",
                "fieldName": "logsource_pipline",
                "fieldType": "",
                "source": "__pipline"
            },
            {
                "converter": "jsonField",
                "fieldName": "logsource_region",
                "fieldType": "",
                "source": "__region"
            },
            {
                "converter": "jsonField",
                "fieldName": "region_group",
                "fieldType": "",
                "source": "__region"
            },
            {
                "converter": "time",
                "fieldName": "event_timestamp",
                "fieldType": "number",
                "source": "\\@timestamp",
                "timeSrcFmt": "yyyy-MM-dd'T'HH:mm:ss.nVV",
                "timeDstFmt": "second"
            },
            {
                "converter": "jsonField",
                "fieldName": "client_ip",
                "fieldType": "",
                "source": "syslog_sourceip"
            },
            {
                "converter": "jsonField",
                "fieldName": "src_ip",
                "fieldType": "",
                "source": "syslog_sourceip"
            },
            {
                "converter": "jsonField",
                "fieldName": "logsource_equipment",
                "fieldType": "",
                "source": "syslog_hostname"
            },
            {
                "converter": "jsonField",
                "fieldName": "log_source_type",
                "fieldType": "",
                "source": "log_source_type"
            },
            {
                "converter": "jsonField",
                "fieldName": "log_source_device",
                "fieldType": "",
                "source": "log_source_device"
            },
            {
                "converter": "jsonField",
                "fieldName": "raw_log",
                "fieldType": "",
                "source": "message"
            },
            {
                "converter": "jsonField",
                "fieldName": "foritnet",
                "fieldType": "",
                "source": "data_parsed"
            },
            {
                "converter": "jsonField",
                "fieldName": "action",
                "fieldType": "",
                "source": "data_parsed.action"
            },
            {
                "converter": "jsonField",
                "fieldName": "http_ua",
                "fieldType": "",
                "source": "data_parsed.agent"
            },
            {
                "converter": "jsonField",
                "fieldName": "application",
                "fieldType": "",
                "source": "data_parsed.app"
            },
            {
                "converter": "jsonField",
                "fieldName": "protocol_application",
                "fieldType": "",
                "source": "data_parsed.appcat"
            },
            {
                "converter": "jsonField",
                "fieldName": "application",
                "fieldType": "",
                "source": "data_parsed.applist"
            },
            {
                "converter": "jsonField",
                "fieldName": "category",
                "fieldType": "",
                "source": "data_parsed.catdesc"
            },
            {
                "converter": "jsonField",
                "fieldName": "cert_issuer_name",
                "fieldType": "",
                "source": "data_parsed.ccertissuer"
            },
            {
                "converter": "jsonField",
                "fieldName": "mail_from",
                "fieldType": "",
                "source": "data_parsed.collectedemail"
            },
            {
                "converter": "jsonField",
                "fieldName": "comment",
                "fieldType": "",
                "source": "data_parsed.comment"
            },
            {
                "converter": "jsonField",
                "fieldName": "dst_ip",
                "fieldType": "",
                "source": "data_parsed.daddr"
            },
            {
                "converter": "jsonField",
                "fieldName": "device_name",
                "fieldType": "",
                "source": "data_parsed.devid"
            },
            {
                "converter": "jsonField",
                "fieldName": "direction",
                "fieldType": "",
                "source": "data_parsed.dir"
            },
            {
                "converter": "jsonField",
                "fieldName": "direction",
                "fieldType": "",
                "source": "data_parsed.direction"
            },
            {
                "converter": "jsonField",
                "fieldName": "dst_hostname",
                "fieldType": "",
                "source": "data_parsed.dst_host"
            },
            {
                "converter": "jsonField",
                "fieldName": "mail_recipient",
                "fieldType": "",
                "source": "data_parsed.dstcollectedemail"
            },
            {
                "converter": "jsonField",
                "fieldName": "dst_interface",
                "fieldType": "",
                "source": "data_parsed.dst_int"
            },
            {
                "converter": "jsonField",
                "fieldName": "dst_interface",
                "fieldType": "",
                "source": "data_parsed.dstintf"
            },
            {
                "converter": "jsonField",
                "fieldName": "dst_ip",
                "fieldType": "",
                "source": "data_parsed.dstip"
            },
            {
                "converter": "jsonField",
                "fieldName": "dst_mac",
                "fieldType": "",
                "source": "data_parsed.dstmac"
            },
            {
                "converter": "jsonField",
                "fieldName": "dst_asset_name",
                "fieldType": "",
                "source": "data_parsed.dstname"
            },
            {
                "converter": "jsonField",
                "fieldName": "dst_port",
                "fieldType": "",
                "source": "data_parsed.dst_port"
            },
            {
                "converter": "jsonField",
                "fieldName": "dst_port",
                "fieldType": "",
                "source": "data_parsed.dstport"
            },
            {
                "converter": "jsonField",
                "fieldName": "dst_user_name",
                "fieldType": "",
                "source": "data_parsed.dstunauthuser"
            },
            {
                "converter": "jsonField",
                "fieldName": "object_type",
                "fieldType": "",
                "source": "data_parsed.dtype"
            },
            {
                "converter": "jsonField",
                "fieldName": "duration",
                "fieldType": "",
                "source": "data_parsed.duration"
            },
            {
                "converter": "jsonField",
                "fieldName": "errorcode",
                "fieldType": "",
                "source": "data_parsed.errorcode"
            },
            {
                "converter": "jsonField",
                "fieldName": "event_id",
                "fieldType": "",
                "source": "data_parsed.event_id"
            },
            {
                "converter": "jsonField",
                "fieldName": "event_id",
                "fieldType": "",
                "source": "data_parsed.eventid"
            },
            {
                "converter": "jsonField",
                "fieldName": "log_timestamp",
                "fieldType": "",
                "source": "data_parsed.eventtime"
            },
            {
                "converter": "jsonField",
                "fieldName": "event_category",
                "fieldType": "",
                "source": "data_parsed.eventtype"
            },
            {
                "converter": "jsonField",
                "fieldName": "file_path",
                "fieldType": "",
                "source": "data_parsed.file"
            },
            {
                "converter": "jsonField",
                "fieldName": "file_name",
                "fieldType": "",
                "source": "data_parsed.filename"
            },
            {
                "converter": "jsonField",
                "fieldName": "file_size",
                "fieldType": "",
                "source": "data_parsed.filesize"
            },
            {
                "converter": "jsonField",
                "fieldName": "file_type",
                "fieldType": "",
                "source": "data_parsed.filetype"
            },
            {
                "converter": "jsonField",
                "fieldName": "file_md5",
                "fieldType": "",
                "source": "data_parsed.filehash"
            },
            {
                "converter": "jsonField",
                "fieldName": "mail_from",
                "fieldType": "",
                "source": "data_parsed.from"
            },
            {
                "converter": "jsonField",
                "fieldName": "group",
                "fieldType": "",
                "source": "data_parsed.group"
            },
            {
                "converter": "jsonField",
                "fieldName": "hostname",
                "fieldType": "",
                "source": "data_parsed.hostname"
            },
            {
                "converter": "jsonField",
                "fieldName": "file_name",
                "fieldType": "",
                "source": "data_parsed.infectedfilename"
            },
            {
                "converter": "jsonField",
                "fieldName": "file_size",
                "fieldType": "",
                "source": "data_parsed.infectedfilesize"
            },
            {
                "converter": "jsonField",
                "fieldName": "file_type",
                "fieldType": "",
                "source": "data_parsed.infectedfiletype"
            },
            {
                "converter": "jsonField",
                "fieldName": "src_ip",
                "fieldType": "",
                "source": "data_parsed.ipaddr"
            },
            {
                "converter": "jsonField",
                "fieldName": "severity",
                "fieldType": "",
                "source": "data_parsed.level"
            },
            {
                "converter": "jsonField",
                "fieldName": "internal_ip",
                "fieldType": "",
                "source": "data_parsed.locip"
            },
            {
                "converter": "jsonField",
                "fieldName": "src_port",
                "fieldType": "",
                "source": "data_parsed.locport"
            },
            {
                "converter": "jsonField",
                "fieldName": "logsource_subtype",
                "fieldType": "",
                "source": "data_parsed.logdesc"
            },
            {
                "converter": "jsonField",
                "fieldName": "record_id",
                "fieldType": "",
                "source": "data_parsed.logid"
            },
            {
                "converter": "jsonField",
                "fieldName": "file_name",
                "fieldType": "",
                "source": "data_parsed.matchfilename"
            },
            {
                "converter": "jsonField",
                "fieldName": "file_type",
                "fieldType": "",
                "source": "data_parsed.matchfiletype"
            },
            {
                "converter": "jsonField",
                "fieldName": "message",
                "fieldType": "",
                "source": "data_parsed.msg"
            },
            {
                "converter": "jsonField",
                "fieldName": "errorcode",
                "fieldType": "",
                "source": "data_parsed.error_num"
            },
            {
                "converter": "jsonField",
                "fieldName": "policy_id",
                "fieldType": "",
                "source": "data_parsed.policyid"
            },
            {
                "converter": "jsonField",
                "fieldName": "policy_id",
                "fieldType": "",
                "source": "data_parsed.policy_id"
            },
            {
                "converter": "jsonField",
                "fieldName": "policy_name",
                "fieldType": "",
                "source": "data_parsed.policyname"
            },
            {
                "converter": "jsonField",
                "fieldName": "policy_type",
                "fieldType": "",
                "source": "data_parsed.policytype"
            },
            {
                "converter": "jsonField",
                "fieldName": "poluuid",
                "fieldType": "",
                "source": "data_parsed.poluuid"
            },
            {
                "converter": "jsonField",
                "fieldName": "profile_path",
                "fieldType": "",
                "source": "data_parsed.profile"
            },
            {
                "converter": "jsonField",
                "fieldName": "protocol_transport",
                "fieldType": "",
                "source": "data_parsed.proto"
            },
            {
                "converter": "jsonField",
                "fieldName": "dns_query_type",
                "fieldType": "",
                "source": "data_parsed.qclass"
            },
            {
                "converter": "jsonField",
                "fieldName": "dns_rr_name",
                "fieldType": "",
                "source": "data_parsed.qname"
            },
            {
                "converter": "jsonField",
                "fieldName": "dns_query_type",
                "fieldType": "",
                "source": "data_parsed.qtype"
            },
            {
                "converter": "jsonField",
                "fieldName": "recv_bytes",
                "fieldType": "",
                "source": "data_parsed.rcvdbyte"
            },
            {
                "converter": "jsonField",
                "fieldName": "recv_packets",
                "fieldType": "",
                "source": "data_parsed.rcvdpkt"
            },
            {
                "converter": "jsonField",
                "fieldName": "mail_recipient",
                "fieldType": "",
                "source": "data_parsed.recipient"
            },
            {
                "converter": "jsonField",
                "fieldName": "referrer",
                "fieldType": "",
                "source": "data_parsed.ref"
            },
            {
                "converter": "jsonField",
                "fieldName": "external_ip",
                "fieldType": "",
                "source": "data_parsed.remip"
            },
            {
                "converter": "jsonField",
                "fieldName": "dst_port",
                "fieldType": "",
                "source": "data_parsed.remport"
            },
            {
                "converter": "jsonField",
                "fieldName": "src_ip",
                "fieldType": "",
                "source": "data_parsed.saddr"
            },
            {
                "converter": "jsonField",
                "fieldName": "cert_common_name",
                "fieldType": "",
                "source": "data_parsed.scertcname"
            },
            {
                "converter": "jsonField",
                "fieldName": "cert_issuer_name",
                "fieldType": "",
                "source": "data_parsed.scertissuer"
            },
            {
                "converter": "jsonField",
                "fieldName": "mail_from",
                "fieldType": "",
                "source": "data_parsed.sender"
            },
            {
                "converter": "jsonField",
                "fieldName": "send_bytes",
                "fieldType": "",
                "source": "data_parsed.sentbyte"
            },
            {
                "converter": "jsonField",
                "fieldName": "send_packets",
                "fieldType": "",
                "source": "data_parsed.sentpkt"
            },
            {
                "converter": "jsonField",
                "fieldName": "service_name",
                "fieldType": "",
                "source": "data_parsed.service"
            },
            {
                "converter": "jsonField",
                "fieldName": "duration",
                "fieldType": "",
                "source": "data_parsed.sess_duration"
            },
            {
                "converter": "jsonField",
                "fieldName": "src_domain",
                "fieldType": "",
                "source": "data_parsed.srcdomain"
            },
            {
                "converter": "jsonField",
                "fieldName": "src_interface",
                "fieldType": "",
                "source": "data_parsed.srcintf"
            },
            {
                "converter": "jsonField",
                "fieldName": "src_ip",
                "fieldType": "",
                "source": "data_parsed.srcip"
            },
            {
                "converter": "jsonField",
                "fieldName": "src_mac",
                "fieldType": "",
                "source": "data_parsed.source_mac"
            },
            {
                "converter": "jsonField",
                "fieldName": "src_mac",
                "fieldType": "",
                "source": "data_parsed.srcmac"
            },
            {
                "converter": "jsonField",
                "fieldName": "src_port",
                "fieldType": "",
                "source": "data_parsed.srcport"
            },
            {
                "converter": "jsonField",
                "fieldName": "trans_ip",
                "fieldType": "",
                "source": "data_parsed.tranip"
            },
            {
                "converter": "jsonField",
                "fieldName": "transport",
                "fieldType": "",
                "source": "data_parsed.tranport"
            },
            {
                "converter": "jsonField",
                "fieldName": "trans_ip",
                "fieldType": "",
                "source": "data_parsed.transip"
            },
            {
                "converter": "jsonField",
                "fieldName": "protocol_transport",
                "fieldType": "",
                "source": "data_parsed.transport"
            },
            {
                "converter": "jsonField",
                "fieldName": "timezone",
                "fieldType": "",
                "source": "data_parsed.tz"
            },
            {
                "converter": "jsonField",
                "fieldName": "unauth_user",
                "fieldType": "",
                "source": "data_parsed.unauthuser"
            },
            {
                "converter": "jsonField",
                "fieldName": "url",
                "fieldType": "",
                "source": "data_parsed.url"
            },
            {
                "converter": "jsonField",
                "fieldName": "user_name",
                "fieldType": "",
                "source": "data_parsed.user"
            },
            {
                "converter": "jsonField",
                "fieldName": "trans_id",
                "fieldType": "",
                "source": "data_parsed.xid"
            },
            {
                "converter": "jsonField",
                "fieldName": "logsource_equipment",
                "fieldType": "string",
                "source": "data_parsed.devid"
            },
            {
                "converter": "jsonField",
                "fieldName": "event_category",
                "fieldType": "string",
                "source": "data_parsed.type"
            }
        ]
    },
    "parent": [
        "siem_entry_rule"
    ],
    "rulePriority": 0,
    "sink": {
        "clusterType": "es",
        "index": "siem_event-fortinet_firewall-sg_bank-{__internal_time|yyyy-MM-dd}"
    }
}