{
    "check": {
        "conditions": [
            {
                "leftVal": "__source",
                "name": "c1",
                "op": "equals",
                "rightVal": "dell_idrac"
            }
        ],
        "expression": " c1 "
    },
    "outPutSchema": {
        "mode": "cut",
        "schema": [
            {
                "converter": "jsonField",
                "fieldName": "logsource_name",
                "fieldType": "",
                "source": "__source"
            },
            {
                "converter": "jsonField",
                "fieldName": "logsource_pipeline",
                "fieldType": "",
                "source": "__pipline"
            },
            {
                "converter": "jsonField",
                "fieldName": "logsource_region",
                "fieldType": "",
                "source": "__region"
            },
            {
                "converter": "jsonField",
                "fieldName": "region_group",
                "fieldType": "",
                "source": "__region"
            },
            {
                "converter": "time",
                "fieldName": "event_timestamp",
                "fieldType": "number",
                "source": "\\@timestamp",
                "timeSrcFmt": "yyyy-MM-dd'T'HH:mm:ss.nVV",
                "timeDstFmt": "second"
            },
            {
                "converter": "jsonField",
                "fieldName": "client_ip",
                "fieldType": "",
                "source": "host.ip"
            },
            {
                "converter": "jsonField",
                "fieldName": "src_ip",
                "fieldType": "",
                "source": "host.ip"
            },
            {
                "converter": "jsonField",
                "fieldName": "logsource_equipment",
                "fieldType": "",
                "source": "syslog_hostname"
            },
            {
                "converter": "jsonField",
                "fieldName": "log_source_type",
                "fieldType": "",
                "source": "log_source_type"
            },
            {
                "converter": "jsonField",
                "fieldName": "log_source_device",
                "fieldType": "",
                "source": "log_source_device"
            },
            {
                "converter": "jsonField",
                "fieldName": "raw_log",
                "fieldType": "",
                "source": "message"
            },
            {
                "converter": "jsonField",
                "fieldName": "severity",
                "fieldType": "",
                "source": "severity"
            },
            {
                "converter": "jsonField",
                "fieldName": "category",
                "fieldType": "",
                "source": "category"
            },
            {
                "converter": "jsonField",
                "fieldName": "msg_id",
                "fieldType": "",
                "source": "msg_id"
            },
            {
                "converter": "jsonField",
                "fieldName": "msg_content",
                "fieldType": "",
                "source": "msg_content"
            },
            {
                "converter": "jsonField",
                "fieldName": "user_name",
                "fieldType": "",
                "source": "user_name"
            },
            {
                "converter": "jsonField",
                "fieldName": "login_method",
                "fieldType": "",
                "source": "login_method"
            },
            {
                "converter": "jsonField",
                "fieldName": "event_category",
                "fieldType": "",
                "source": "event_category"
            },
            {
                "converter": "jsonField",
                "fieldName": "block_seconds",
                "fieldType": "number",
                "source": "block_seconds"
            },
            {
                "converter": "jsonField",
                "fieldName": "repeat_count",
                "fieldType": "number",
                "source": "repeat_count"
            },
            {
                "converter": "jsonField",
                "fieldName": "src_ip",
                "fieldType": "",
                "source": "src_ip"
            }
      
        ]
    },
    "parent": [
        "siem_entry_rule"
    ],
    "rulePriority": 0,
    "sink": {
        "clusterType": "es",
        "index": "siem_event-dell_idrac-sg_bank-{__internal_time|yyyy-MM-dd}"
    }
}