{
    "check": {
        "conditions": [
            {
                "leftVal": "__source",
                "name": "c1",
                "op": "equals",
                "rightVal": "netskope_page"
            },
            {
                "leftVal": "__source",
                "name": "c2",
                "op": "equals",
                "rightVal": "netskope_alert"
            }
        ],
        "expression": " c1 || c2"
    },
    "outPutSchema": {
        "mode": "cut",
        "schema": [
            {
                "converter": "jsonField",
                "fieldName": "logsource_name",
                "fieldType": "",
                "source": "__source"
            },
            {
                "converter": "jsonField",
                "fieldName": "logsource_pipline",
                "fieldType": "",
                "source": "__pipline"
            },
            {
                "converter": "jsonField",
                "fieldName": "logsource_region",
                "fieldType": "",
                "source": "__region"
            },
            {
                "converter": "jsonField",
                "fieldName": "region_group",
                "fieldType": "",
                "source": "__region"
            },
            {
                "converter": "time",
                "fieldName": "event_timestamp",
                "fieldType": "number",
                "source": "\\@timestamp",
                "timeSrcFmt": "yyyy-MM-dd'T'HH:mm:ss.nVV",
                "timeDstFmt": "second"
            },
            {
                "converter": "jsonField",
                "fieldName": "client_ip",
                "fieldType": "",
                "source": "syslog_sourceip"
            },
            {
                "converter": "jsonField",
                "fieldName": "src_ip",
                "fieldType": "",
                "source": "syslog_sourceip"
            },
            {
                "converter": "jsonField",
                "fieldName": "logsource_equipment",
                "fieldType": "",
                "source": "syslog_hostname"
            },
            {
                "converter": "jsonField",
                "fieldName": "log_source_type",
                "fieldType": "",
                "source": "log_source_type"
            },
            {
                "converter": "jsonField",
                "fieldName": "log_source_device",
                "fieldType": "",
                "source": "log_source_device"
            },
            {
                "converter": "jsonField",
                "fieldName": "netskope",
                "fieldType": "",
                "source": "result"
            },
            {
                "converter": "jsonField",
                "fieldName": "client_ip",
                "fieldType": "",
                "source": "result.userip"
            },
            {
                "converter": "jsonField",
                "fieldName": "src_ip",
                "fieldType": "",
                "source": "result.srcip"
            },
            {
                "converter": "jsonField",
                "fieldName": "dst_ip",
                "fieldType": "",
                "source": "result.dstip"
            },
            {
                "converter": "jsonField",
                "fieldName": "user_name",
                "fieldType": "",
                "source": "result.user"
            },
            {
                "converter": "jsonField",
                "fieldName": "dst_location",
                "fieldType": "",
                "source": "result.dst_location"
            },
            {
                "converter": "jsonField",
                "fieldName": "src_location",
                "fieldType": "",
                "source": "result.src_location"
            },
            {
                "converter": "jsonField",
                "fieldName": "event_type",
                "fieldType": "",
                "source": "result.type"
            },
            {
                "converter": "jsonField",
                "fieldName": "category",
                "fieldType": "",
                "source": "result.category"
            },
            {
                "converter": "jsonField",
                "fieldName": "url",
                "fieldType": "",
                "source": "result.url"
            },
            {
                "converter": "jsonField",
                "fieldName": "policy",
                "fieldType": "",
                "source": "result.policy"
            },
            {
                "converter": "jsonField",
                "fieldName": "ssl_decrypt_policy",
                "fieldType": "",
                "source": "result.ssl_decrypt_policy"
            },
            {
                "converter": "jsonField",
                "fieldName": "os_family",
                "fieldType": "",
                "source": "result.os_family"
            },
            {
                "converter": "jsonField",
                "fieldName": "os_version",
                "fieldType": "",
                "source": "result.os_version"
            },
            {
                "converter": "jsonField",
                "fieldName": "traffic_type",
                "fieldType": "",
                "source": "result.traffic_type"
            },
            {
                "converter": "jsonField",
                "fieldName": "dst_country",
                "fieldType": "",
                "source": "result.dst_country"
            },
            {
                "converter": "jsonField",
                "fieldName": "src_country",
                "fieldType": "",
                "source": "result.src_country"
            },
            {
                "converter": "jsonField",
                "fieldName": "bypass_reason",
                "fieldType": "",
                "source": "result.bypass_reason"
            },
            {
                "converter": "jsonField",
                "fieldName": "appcategory",
                "fieldType": "",
                "source": "result.appcategory"
            },
            {
                "converter": "jsonField",
                "fieldName": "connection_id",
                "fieldType": "number",
                "source": "result.connection_id"
            }
        ]
    },
    "parent": [
        "siem_entry_rule"
    ],
    "rulePriority": 0,
    "sink": {
        "clusterType": "es",
        "index": "siem_event-netskope-sg_bank-{__internal_time|yyyy-MM-dd}"
    }
}
