{
    "check": {
        "conditions": [
            {
                "leftVal": "__source",
                "name": "c1",
                "op": "equals",
                "rightVal": "netskope_audit"
            }
        ],
        "expression": " c1 "
    },
    "outPutSchema": {
        "mode": "cut",
        "schema": [
            {
                "converter": "jsonField",
                "fieldName": "logsource_name",
                "fieldType": "",
                "source": "__source"
            },
            {
                "converter": "jsonField",
                "fieldName": "logsource_pipline",
                "fieldType": "",
                "source": "__pipline"
            },
            {
                "converter": "jsonField",
                "fieldName": "logsource_region",
                "fieldType": "",
                "source": "__region"
            },
            {
                "converter": "jsonField",
                "fieldName": "region_group",
                "fieldType": "",
                "source": "__region"
            },
            {
                "converter": "time",
                "fieldName": "event_timestamp",
                "fieldType": "number",
                "source": "\\@timestamp",
                "timeSrcFmt": "yyyy-MM-dd'T'HH:mm:ss.nVV",
                "timeDstFmt": "second"
            },
            {
                "converter": "jsonField",
                "fieldName": "client_ip",
                "fieldType": "",
                "source": "syslog_sourceip"
            },
            {
                "converter": "jsonField",
                "fieldName": "src_ip",
                "fieldType": "",
                "source": "syslog_sourceip"
            },
            {
                "converter": "jsonField",
                "fieldName": "logsource_equipment",
                "fieldType": "",
                "source": "syslog_hostname"
            },
            {
                "converter": "jsonField",
                "fieldName": "log_source_type",
                "fieldType": "",
                "source": "log_source_type"
            },
            {
                "converter": "jsonField",
                "fieldName": "log_source_device",
                "fieldType": "",
                "source": "log_source_device"
            },
            {
                "converter": "jsonField",
                "fieldName": "user_name",
                "fieldType": "",
                "source": "result.user"
            },
            {
                "converter": "jsonField",
                "fieldName": "organization_unit",
                "fieldType": "",
                "source": "result.organization_unit"
            },
            {
                "converter": "jsonField",
                "fieldName": "audit_log_event",
                "fieldType": "",
                "source": "result.audit_log_event"
            },
            {
                "converter": "jsonField",
                "fieldName": "severity_level",
                "fieldType": "integer",
                "source": "result.severity_level"
            },
            {
                "converter": "jsonField",
                "fieldName": "event_type",
                "fieldType": "",
                "source": "result.type"
            },
            {
                "converter": "jsonField",
                "fieldName": "is_netskope_personnel",
                "fieldType": "",
                "source": "result.is_netskope_personnel"
            },
            {
                "converter": "jsonField",
                "fieldName": "message",
                "fieldType": "",
                "source": "result.supporting_data.data_values"
            },
            {
                "converter": "jsonField",
                "fieldName": "netskope",
                "fieldType": "",
                "source": "result"
            }
        ]
    },
    "parent": [
        "siem_entry_rule"
    ],
    "rulePriority": 0,
    "sink": {
        "clusterType": "es",
        "index": "siem_event-netskope_audit-sg_bank-{__internal_time|yyyy-MM-dd}"
    }
}
