{
    "check": {
        "conditions": [
            {
                "leftVal": "__source",
                "name": "c1",
                "op": "equals",
                "rightVal": "palo_alto_firewall"
            },
            {
                "leftVal": "data_parsed.column4",
                "name": "c2",
                "op": "equals",
                "rightVal": "TRAFFIC"
            }
        ],
        "expression": " c1 && c2 "
    },
    "outPutSchema": {
        "mode": "cut",
        "schema": [
            {
                "converter": "jsonField",
                "fieldName": "logsource_name",
                "fieldType": "",
                "source": "__source"
            },
            {
                "converter": "jsonField",
                "fieldName": "__pipline",
                "fieldType": "",
                "source": "logsource_pipline"
            },
            {
                "converter": "jsonField",
                "fieldName": "logsource_region",
                "fieldType": "",
                "source": "__region"
            },
            {
                "converter": "jsonField",
                "fieldName": "region_group",
                "fieldType": "",
                "source": "__region"
            },
            {
                "converter": "time",
                "fieldName": "event_timestamp",
                "fieldType": "number",
                "source": "\\@timestamp",
                "timeSrcFmt": "yyyy-MM-dd'T'HH:mm:ss.nVV",
                "timeDstFmt": "second"
            },
            {
                "converter": "jsonField",
                "fieldName": "client_ip",
                "fieldType": "",
                "source": "syslog_sourceip"
            },
            {
                "converter": "jsonField",
                "fieldName": "src_ip",
                "fieldType": "",
                "source": "syslog_sourceip"
            },
            {
                "converter": "jsonField",
                "fieldName": "logsource_equipment",
                "fieldType": "",
                "source": "syslog_hostname"
            },
            {
                "converter": "jsonField",
                "fieldName": "log_source_type",
                "fieldType": "",
                "source": "log_source_type"
            },
            {
                "converter": "jsonField",
                "fieldName": "log_source_device",
                "fieldType": "",
                "source": "log_source_device"
            },
            {
                "converter": "time",
                "fieldName": "start_time",
                "fieldType": "number",
                "source": "data_parsed.column2",
                "timeSrcFmt": "yyyy/MM/dd HH:mm:ss",
                "timeDstFmt": "second"
            },
            {
                "converter": "jsonField",
                "fieldName": "record_id",
                "fieldType": "",
                "source": "data_parsed.column3"
            },
            {
                "converter": "jsonField",
                "fieldName": "category",
                "fieldType": "",
                "source": "data_parsed.column4"
            },
            {
                "converter": "jsonField",
                "fieldName": "subcategory",
                "fieldType": "",
                "source": "data_parsed.column5"
            },
            {
                "converter": "jsonField",
                "fieldName": "src_ip",
                "fieldType": "",
                "source": "data_parsed.column8"
            },
            {
                "converter": "jsonField",
                "fieldName": "dst_ip",
                "fieldType": "",
                "source": "data_parsed.column9"
            },
            {
                "converter": "jsonField",
                "fieldName": "snat_ip",
                "fieldType": "",
                "source": "data_parsed.column10"
            },
            {
                "converter": "jsonField",
                "fieldName": "dnat_ip",
                "fieldType": "",
                "source": "data_parsed.column11"
            },
            {
                "converter": "jsonField",
                "fieldName": "rule_name",
                "fieldType": "",
                "source": "data_parsed.column12"
            },
            {
                "converter": "jsonField",
                "fieldName": "src_user_name",
                "fieldType": "",
                "source": "data_parsed.column13"
            },
            {
                "converter": "jsonField",
                "fieldName": "dst_user_name",
                "fieldType": "",
                "source": "data_parsed.column14"
            },
            {
                "converter": "jsonField",
                "fieldName": "application",
                "fieldType": "",
                "source": "data_parsed.column15"
            },
            {
                "converter": "jsonField",
                "fieldName": "src_zone",
                "fieldType": "",
                "source": "data_parsed.column17"
            },
            {
                "converter": "jsonField",
                "fieldName": "dst_zone",
                "fieldType": "",
                "source": "data_parsed.column18"
            },
            {
                "converter": "jsonField",
                "fieldName": "in_interface",
                "fieldType": "",
                "source": "data_parsed.column19"
            },
            {
                "converter": "jsonField",
                "fieldName": "out_interface",
                "fieldType": "",
                "source": "data_parsed.column20"
            },
            {
                "converter": "jsonField",
                "fieldName": "session_id",
                "fieldType": "",
                "source": "data_parsed.column22"
            },
            {
                "converter": "jsonField",
                "fieldName": "src_port",
                "fieldType": "",
                "source": "data_parsed.column24"
            },
            {
                "converter": "jsonField",
                "fieldName": "dst_port",
                "fieldType": "",
                "source": "data_parsed.column25"
            },
            {
                "converter": "jsonField",
                "fieldName": "snat_port",
                "fieldType": "",
                "source": "data_parsed.column26"
            },
            {
                "converter": "jsonField",
                "fieldName": "dnat_port",
                "fieldType": "",
                "source": "data_parsed.column27"
            },
            {
                "converter": "jsonField",
                "fieldName": "protocol_transport",
                "fieldType": "",
                "source": "data_parsed.column29"
            },
            {
                "converter": "jsonField",
                "fieldName": "action",
                "fieldType": "",
                "source": "data_parsed.column30"
            },
            {
                "converter": "jsonField",
                "fieldName": "send_bytes",
                "fieldType": "",
                "source": "data_parsed.column32"
            },
            {
                "converter": "jsonField",
                "fieldName": "recv_bytes",
                "fieldType": "",
                "source": "data_parsed.column33"
            },
            {
                "converter": "time",
                "fieldName": "duration",
                "fieldType": "number",
                "source": "data_parsed.column36",  
                "timeSrcFmt": "yyyy/MM/dd HH:mm:ss",  
                "timeDstFmt": "second"
            },
            {
                "converter": "jsonField",
                "fieldName": "src_ip_country",
                "fieldType": "",
                "source": "data_parsed.column42"
            },
            {
                "converter": "jsonField",
                "fieldName": "dst_ip_country",
                "fieldType": "",
                "source": "data_parsed.column43"
            },
            {
                "converter": "jsonField",
                "fieldName": "send_packets",
                "fieldType": "",
                "source": "data_parsed.column46"
            },
            {
                "converter": "jsonField",
                "fieldName": "reason",
                "fieldType": "",
                "source": "data_parsed.column47"
            },
            {
                "converter": "jsonField",
                "fieldName": "tunnel_type",
                "fieldType": "",
                "source": "data_parsed.column58"
            },
            {
                "converter": "jsonField",
                "fieldName": "src_os_name",
                "fieldType": "",
                "source": "data_parsed.column80"
            },
            {
                "converter": "jsonField",
                "fieldName": "src_os_version",
                "fieldType": "",
                "source": "data_parsed.column81"
            },
            {
                "converter": "jsonField",
                "fieldName": "src_hostname",
                "fieldType": "",
                "source": "data_parsed.column82"
            },
            {
                "converter": "jsonField",
                "fieldName": "src_mac",
                "fieldType": "",
                "source": "data_parsed.column83"
            },
            {
                "converter": "jsonField",
                "fieldName": "dst_os_name",
                "fieldType": "",
                "source": "data_parsed.column87"
            },
            {
                "converter": "jsonField",
                "fieldName": "dst_os_version",
                "fieldType": "",
                "source": "data_parsed.column88"
            },
            {
                "converter": "jsonField",
                "fieldName": "dst_hostname",
                "fieldType": "",
                "source": "data_parsed.column89"
            },
            {
                "converter": "jsonField",
                "fieldName": "dst_mac",
                "fieldType": "",
                "source": "data_parsed.column90"
            },
            {
                "converter": "jsonField",
                "fieldName": "container_id",
                "fieldType": "",
                "source": "data_parsed.column91"
            },
            {
                "converter": "jsonField",
                "fieldName": "namespace",
                "fieldType": "",
                "source": "data_parsed.column92"
            },
            {
                "converter": "jsonField",
                "fieldName": "raw_log",
                "fieldType": "",
                "source": "message"
            }
        ]
    },
    "parent": [
        "siem_entry_rule"
    ],
    "rulePriority": 0,
    "sink": {
        "clusterType": "es",
        "index": "siem_event-palo_alto_firewall-sg_bank-{__internal_time|yyyy-MM-dd}"
    }
}