{
    "check": {
        "conditions": [
            {
                "leftVal": "__source",
                "name": "c1",
                "op": "equals",
                "rightVal": "trend_micro"
            }
        ],
        "expression": " c1 "
    },
    "outPutSchema": {
       
        "schema": [
            {
                "converter": "jsonField",
                "fieldName": "logsource_name",
                "fieldType": "",
                "source": "__source"
            },
            {
                "converter": "jsonField",
                "fieldName": "logsource_pipeline",
                "fieldType": "",
                "source": "__pipline"
            },
            {
                "converter": "jsonField",
                "fieldName": "logsource_region",
                "fieldType": "",
                "source": "__region"
            },
            {
                "converter": "jsonField",
                "fieldName": "region_group",
                "fieldType": "",
                "source": "__region"
            },
            {
                "converter": "time",
                "fieldName": "event_timestamp",
                "fieldType": "number",
                "source": "\\@timestamp",
                "timeSrcFmt": "yyyy-MM-dd'T'HH:mm:ss.nVV",
                "timeDstFmt": "second"
            },
            {
                "converter": "jsonField",
                "fieldName": "client_ip",
                "fieldType": "",
                "source": "syslog_sourceip"
            },
            {
                "converter": "jsonField",
                "fieldName": "src_ip",
                "fieldType": "",
                "source": "syslog_sourceip"
            },
            {
                "converter": "jsonField",
                "fieldName": "logsource_equipment",
                "fieldType": "",
                "source": "syslog_hostname"
            },
            {
                "converter": "jsonField",
                "fieldName": "log_source_type",
                "fieldType": "",
                "source": "log_source_type"
            },
            {
                "converter": "jsonField",
                "fieldName": "log_source_device",
                "fieldType": "",
                "source": "log_source_device"
            },
            {
                "converter": "jsonField",
                "fieldName": "raw_log",
                "fieldType": "",
                "source": "message"
            },
            {
                "converter": "jsonField",
                "fieldName": "trend_micro",
                "fieldType": "",
                "source": "data_parsed"
            },
            {
                "converter": "jsonField",
                "fieldName": "file_path",
                "fieldType": "",
                "source": "data_parsed.filePath"
            },
            {
                "converter": "jsonField",
                "fieldName": "file_md5",
                "fieldType": "",
                "source": "data_parsed.cs3"
            },
            {
                "converter": "jsonField",
                "fieldName": "file_size",
                "fieldType": "",
                "source": "data_parsed.fsize"
            },
            {
                "converter": "jsonField",
                "fieldName": "hostname",
                "fieldType": "",
                "source": "data_parsed.dvchost"
            },
            {
                "converter": "jsonField",
                "fieldName": "user_name",
                "fieldType": "",
                "source": "data_parsed.suser"
            },
            {
                "converter": "jsonField",
                "fieldName": "subject_user_sid",
                "fieldType": "",
                "source": "data_parsed.suid"
            }
            ,
            {
                "converter": "jsonField",
                "fieldName": "file_sha256",
                "fieldType": "",
                "source": "data_parsed.fileHash"
            },
            {
                "converter": "jsonField",
                "fieldName": "action",
                "fieldType": "",
                "source": "data_parsed.cs1"
            },
            {
                "converter": "jsonField",
                "fieldName": "application",
                "fieldType": "",
                "source": "product"
            }
            
        ]
    },
    "parent": [
        "siem_entry_rule"
    ],
    "rulePriority": 0,
    "sink": {
        "clusterType": "es",
        "index": "siem_event-trend_micro-sg_bank-{__internal_time|yyyy-MM-dd}"
    }
}