{
    "check": {
        "conditions": [
            {
                "leftVal": "__source",
                "name": "c1",
                "op": "equals",
                "rightVal": "waf"
            },
            {
                "leftVal": "message",
                "name": "c2",
                "op": "**@Decoder",
                "rightVal": {
                    "name": "tss_waf_decode",
                    "type": "regex"
                }
            }
        ],
        "expression": " c1 && c2"
    },
    "outPutSchema": {
        "mode": "cut",
        "schema": [
            {
                "converter": "jsonField",
                "fieldName": "logsource_name",
                "fieldType": "string",
                "source": "__source"
            },
            {
                "converter": "jsonField",
                "fieldName": "logsource_equipment",
                "fieldType": "string",
                "source": "__source"
            },
            {
                "converter": "jsonField",
                "fieldName": "logsource_region",
                "fieldType": "string",
                "source": "__region"
            },
            {
                "converter": "jsonField",
                "fieldName": "region_group",
                "fieldType": "string",
                "source": "__region"
            },
            {
                "converter": "time",
                "fieldName": "event_timestamp",
                "fieldType": "number",
                "source": "\\@timestamp",
                "timeSrcFmt": "yyyy-MM-dd'T'HH:mm:ss.nVV",
                "timeDstFmt": "second"
            },
            {
                "converter": "jsonField",
                "fieldName": "raw_log",
                "fieldType": "string",
                "source": "message"
            },
            {
                "converter": "jsonField",
                "fieldName": "action",
                "fieldType": "number",
                "source": "DataCollectLog.action_type"
            },
           
            {
                "converter": "jsonField",
                "fieldName": "event_time",
                "fieldType": "",
                "source": "DataCollectLog.ctime"
            },
            {
                "converter": "jsonField",
                "fieldName": "src_ip",
                "fieldType": "string",
                "source": "DataCollectLog.attributes.client_ip"
            },
            {
                "converter": "jsonField",
                "fieldName": "dst_ip",
                "fieldType": "string",
                "source": "DataCollectLog.alb_ip"
            },
            {
                "converter": "jsonField",
                "fieldName": "src_country",
                "fieldType": "string",
                "source": "DataCollectLog.attributes.ip_info.country"
            },
            {
                "converter": "jsonField",
                "fieldName": "src_city",
                "fieldType": "string",
                "source": "DataCollectLog.attributes.ip_info.city"
            },
            {
                "converter": "jsonField",
                "fieldName": "src_isp",
                "fieldType": "string",
                "source": "DataCollectLog.attributes.ip_info.isp"
            },
            {
                "converter": "jsonField",
                "fieldName": "http_method",
                "fieldType": "string",
                "source": "DataCollectLog.attributes.http_method"
            },
            {
                "converter": "jsonField",
                "fieldName": "url",
                "fieldType": "string",
                "source": "DataCollectLog.attributes.url"
            },
            {
                "converter": "jsonField",
                "fieldName": "domain",
                "fieldType": "string",
                "source": "DataCollectLog.attributes.domain"
            },
            {
                "converter": "jsonField",
                "fieldName": "uri",
                "fieldType": "string",
                "source": "DataCollectLog.attributes.path"
            },
            {
                "converter": "jsonField",
                "fieldName": "user_agent",
                "fieldType": "string",
                "source": "DataCollectLog.attributes.user_agent"
            },
            
            {
                "converter": "jsonField",
                "fieldName": "request_body",
                "fieldType": "string",
                "source": "DataCollectLog.attributes.request_body"
            },
            {
                "converter": "jsonField",
                "fieldName": "src_ip_subnet",
                "fieldType": "string",
                "source": "DataCollectLog.attributes.client_ip_subnet_24"
            },
            {
                "converter": "jsonField",
                "fieldName": "ip_type",
                "fieldType": "number",
                "source": "DataCollectLog.attributes.ip_type"
            },
            {
                "converter": "jsonField",
                "fieldName": "src_latitude",
                "fieldType": "string",
                "source": "DataCollectLog.attributes.ip_info.latitude"
            },
            {
                "converter": "jsonField",
                "fieldName": "src_longitude",
                "fieldType": "string",
                "source": "DataCollectLog.attributes.ip_info.longitude"
            },
            {
                "converter": "jsonField",
                "fieldName": "src_region",
                "fieldType": "string",
                "source": "DataCollectLog.attributes.ip_info.region"
            },
            {
                "converter": "jsonField",
                "fieldName": "tls_ja3",
                "fieldType": "string",
                "source": "DataCollectLog.attributes.http_ssl_ja_3"
            },
            {
                "converter": "jsonField",
                "fieldName": "tls_ja3_hash",
                "fieldType": "string",
                "source": "DataCollectLog.attributes.http_ssl_ja_3_hash"
            },
            {
                "converter": "jsonField",
                "fieldName": "tls_type",
                "fieldType": "number",
                "source": "DataCollectLog.attributes.tls_fp_type"
            },
            {
                "converter": "jsonField",
                "fieldName": "content_type",
                "fieldType": "string",
                "source": "DataCollectLog.attributes.header_info.content-type"
            },
            {
                "converter": "jsonField",
                "fieldName": "content_length",
                "fieldType": "string",
                "source": "DataCollectLog.attributes.header_info.content-length"
            },
            {
                "converter": "jsonField",
                "fieldName": "accept_language",
                "fieldType": "string",
                "source": "DataCollectLog.attributes.header_info.accept-language"
            },
            {
                "converter": "jsonField",
                "fieldName": "browser_type",
                "fieldType": "string",
                "source": "DataCollectLog.attributes.user_agent_info.user_agent_software_type"
            },
            {
                "converter": "jsonField",
                "fieldName": "browser_version",
                "fieldType": "string",
                "source": "DataCollectLog.attributes.user_agent_info.user_agent_software_version_udger"
            },
            {
                "converter": "jsonField",
                "fieldName": "device_type",
                "fieldType": "number",
                "source": "DataCollectLog.attributes.user_agent_info.user_agent_device_type"
            },
            {
                "converter": "jsonField",
                "fieldName": "malicious_body",
                "fieldType": "string",
                "source": "DataCollectLog.attributes.malicious_detect.body_tag"
            },
            {
                "converter": "jsonField",
                "fieldName": "malicious_url",
                "fieldType": "string",
                "source": "DataCollectLog.attributes.malicious_detect.url_tag"
            },
            {
                "converter": "jsonField",
                "fieldName": "sap_mode",
                "fieldType": "number",
                "source": "DataCollectLog.attributes.sap_mode"
            },
            {
                "converter": "jsonField",
                "fieldName": "sap_verify",
                "fieldType": "number",
                "source": "DataCollectLog.attributes.sap_verify"
            }
            ,
            {
                "converter": "jsonField",
                "fieldName": "ret_msg",
                "fieldType": "",
                "source": "DataCollectLog.attributes.enhance_sap.ret_msg"
            }
            ,
            {
                "converter": "jsonField",
                "fieldName": "info",
                "fieldType": "json",
                "source": "DataCollectLog.online_hit_strategy_info"
            }
        ]
    },
    "parent": [
        "siem_entry_rule"
    ],
    "rulePriority": 0,
    "sink": {
        "clusterType": "es",
        "index": "siem_event-shopeepay_spm_all-waf-{__region}-{__internal_time|yyyy-MM-dd}"
    }
}