{
  "check": {
    "conditions": [
      {
        "leftVal": "__source",
        "name": "c1",
        "op": "equals",
        "rightVal": "cisco_sw"
      },
      {
        "leftVal": "tags",
        "name": "c2",
        "op": "match",
        "rightVal": ".*_grokparsefailure.*"
      }
    ],
    "expression": " c1 && !c2 "
  },
  "outPutSchema": {
    "mode": "cut",
    "schema": [
      {
        "converter": "jsonField",
        "fieldName": "logsource_name",
        "fieldType": "",
        "source": "__source"
      },
      {
        "converter": "jsonField",
        "fieldName": "logsource_pipline",
        "fieldType": "",
        "source": "__pipline"
      },
      {
        "converter": "jsonField",
        "fieldName": "logsource_region",
        "fieldType": "",
        "source": "__region"
      },
      {
        "converter": "jsonField",
        "fieldName": "region_group",
        "fieldType": "",
        "source": "__region"
      },
      {
        "converter": "time",
        "fieldName": "event_timestamp",
        "fieldType": "number",
        "source": "\\@timestamp",
        "timeSrcFmt": "yyyy-MM-dd'T'HH:mm:ss.nVV",
        "timeDstFmt": "second"
      },
      {
        "converter": "jsonField",
        "fieldName": "client_ip",
        "fieldType": "",
        "source": "syslog_sourceip"
      },
      {
        "converter": "jsonField",
        "fieldName": "src_ip",
        "fieldType": "",
        "source": "syslog_sourceip"
      },
      {
        "converter": "jsonField",
        "fieldName": "logsource_equipment",
        "fieldType": "",
        "source": "syslog_hostname"
      },
      {
        "converter": "jsonField",
        "fieldName": "log_source_type",
        "fieldType": "",
        "source": "log_source_type"
      },
      {
        "converter": "jsonField",
        "fieldName": "log_source_device",
        "fieldType": "",
        "source": "log_source_device"
      },
      {
        "converter": "jsonField",
        "fieldName": "raw_log",
        "fieldType": "",
        "source": "message"
      },
      {
        "converter": "jsonField",
        "fieldName": "severity",
        "fieldType": "",
        "source": "severity"
      },
      {
        "converter": "jsonField",
        "fieldName": "service_name",
        "fieldType": "",
        "source": "facility"
      },
      {
        "converter": "jsonField",
        "fieldName": "event_name",
        "fieldType": "",
        "source": "mnemonic"
      },
      {
        "converter": "jsonField",
        "fieldName": "message",
        "fieldType": "",
        "source": "message_text"
      },
      {
        "converter": "jsonField",
        "fieldName": "event_status",
        "fieldType": "",
        "source": "event_status"
      },
      {
        "converter": "jsonField",
        "fieldName": "dst_ip",
        "fieldType": "",
        "source": "target_host"
      },
      {
        "converter": "jsonField",
        "fieldName": "dst_port",
        "fieldType": "",
        "source": "target_port"
      }
    ]
  },
  "parent": [
    "siem_entry_rule"
  ],
  "rulePriority": 0,
  "sink": {
    "clusterType": "es",
    "index": "siem_event-cisco_sw-ph_bank-{__internal_time|yyyy-MM-dd}"
  }
}